threshold_name,threshold,accuracy,f1,precision,recall,tn,fp,fn,tp
default_0.5,0.5,0.96,0.9615384615384615,0.9259259259259259,1.0,92,8,0,100
youden_j,0.5052018956722238,0.96,0.9615384615384615,0.9259259259259259,1.0,92,8,0,100
high_specificity_0.75,0.75,0.95,0.9514563106796116,0.9245283018867925,0.98,92,8,2,98
high_specificity_0.9,0.9,0.95,0.9509803921568627,0.9326923076923077,0.97,93,7,3,97
high_specificity_0.95,0.95,0.95,0.9489795918367346,0.96875,0.93,97,3,7,93
very_high_specificity_0.99,0.99,0.93,0.925531914893617,0.9886363636363636,0.87,99,1,13,87
