threshold_name,threshold,accuracy,f1,precision,recall,tn,fp,fn,tp
default_0.5,0.5,0.515,0.6734006734006733,0.5076142131979695,1.0,3,97,0,100
youden_j,0.9999580671080244,0.97,0.97,0.97,0.97,97,3,3,97
high_0.99,0.99,0.75,0.8,0.6666666666666666,1.0,50,50,0,100
high_0.999,0.999,0.845,0.8646288209606987,0.7674418604651163,0.99,70,30,1,99
high_0.9999,0.9999,0.955,0.9556650246305418,0.941747572815534,0.97,94,6,3,97
high_0.99999,0.99999,0.96,0.9587628865979382,0.9893617021276596,0.93,99,1,7,93
