threshold,tumor_calls,normal_calls,false_positive_rate
0.5,538,2,0.9962962962962963
0.75,538,2,0.9962962962962963
0.9,537,3,0.9944444444444445
0.95,536,4,0.9925925925925926
0.99,521,19,0.9648148148148148
0.999,451,89,0.8351851851851851
0.9999,304,236,0.562962962962963
0.999975,215,325,0.39814814814814814
0.99999,158,382,0.29259259259259257
0.999999,85,455,0.1574074074074074
