threshold_name,threshold,accuracy,f1,precision,recall,tn,fp,fn,tp
default_0.5,0.5,0.955,0.9565217391304348,0.9252336448598131,0.99,92,8,1,99
youden_j,0.492041,0.96,0.9615384615384616,0.9259259259259259,1.0,92,8,0,100
high_specificity_0.75,0.75,0.95,0.9514563106796117,0.9245283018867925,0.98,92,8,2,98
high_specificity_0.9,0.9,0.95,0.9504950495049505,0.9411764705882353,0.96,94,6,4,96
high_specificity_0.95,0.95,0.95,0.9489795918367347,0.96875,0.93,97,3,7,93
very_high_specificity_0.99,0.99,0.925,0.9197860962566845,0.9885057471264368,0.86,99,1,14,86
